Question,Answer 1,Answer 2,Answer 3,Answer 4,Correct,Image,Explanation
Which pair represents the two basic parts of a cell as presented in the slides?,Cytoplasm and nucleus,Nucleus and glycocalyx,Cytoskeleton and extracellular fluid,Plasma membrane and extracellular matrix,1,,The slides divide the cell into cytoplasm and nucleus. The cytoplasm includes cytosol and organelles.
What is the fluid component of the cytoplasm called?,Nucleoplasm,Glycocalyx,Cytosol,Matrix vesicle,3,,The slides define cytosol as the fluid component of cytoplasm that contains or bathes organelles.
Cell differentiation is best described as which process?,Conversion of eukaryotic cells into prokaryotic cells,Specialization of cells through selective gene expression and structural organization for particular functions,Random loss of organelles from embryonic cells,Replacement of cytoplasm by extracellular matrix,2,,The textbook describes differentiation as specialization in which cells express sets of genes that support specific cytoplasmic activities and tissue functions.
Which cell type is specialized for movement according to the specialized-cell table?,Fibroblasts,Mucous-gland cells,Fat cells,Muscle and other contractile cells,4,,The table pairs movement with muscle and other contractile cells.
Which specialized cells are associated with formation of adhesive and tight junctions?,Epithelial cells,Neurons,Adipocytes,Macrophages,1,,The specialized-cell table assigns adhesive and tight-junction formation to epithelial cells.
Which cells are specialized for synthesis and secretion of extracellular matrix components?,Neurons and sensory cells,Mucous-gland cells,Fibroblasts and cells of bone and cartilage,Kidney duct cells and salivary duct cells,3,,The table identifies fibroblasts and bone/cartilage cells as major extracellular-matrix-producing cells.
Which cells are specialized to convert physical and chemical stimuli into action potentials?,Mucous-gland cells,Neurons and sensory cells,Fat cells,Fibroblasts,2,,The specialized-cell table links stimulus conversion into action potentials with neurons and sensory cells.
Cells of digestive glands are especially specialized for which activity?,Lipid storage,Formation of tight junctions only,Steroid storage without secretion,Synthesis and secretion of degradative enzymes,4,,The table pairs digestive-gland cells with synthesis and secretion of degradative enzymes.
"Certain adrenal, testicular, and ovarian cells are specialized for synthesis and secretion of what?",Steroids,Collagen fibers,Glycogen only,Neurotransmitter receptors only,1,,"The specialized-cell table identifies steroid synthesis and secretion as a specialization of certain adrenal, testicular, and ovarian cells."
Which cells are listed as specialized for ion transport?,Fat cells,Macrophages and neutrophils,Cells of the kidney and salivary gland ducts,Cells of bone and cartilage,3,,The table pairs ion transport with kidney and salivary gland duct cells.
Which cell type is specialized for lipid storage?,Sensory cells,Fat cells,Fibroblasts,Digestive-gland cells,2,,The specialized-cell table associates lipid storage with fat cells.
Which pairings between cellular activity and specialized cell type are supported by the uploaded material? Select all that apply.,Intracellular digestion — macrophages and neutrophils,Steroid synthesis — erythrocytes,Action-potential generation — adipocytes,Metabolite absorption — cells lining the intestine,"1,4",,The textbook table pairs intracellular digestion with macrophages/neutrophils and metabolite absorption with intestinal lining cells.
What is another name for the plasma membrane used in the slides?,Centrosome,Nucleolemma,Sarcomere,Plasmalemma,4,,The slides use plasma membrane and plasmalemma as synonymous terms.
Which combination best describes the major components of the eukaryotic plasma membrane?,"Phospholipids, cholesterol, proteins, and oligosaccharide chains linked to lipids and proteins","Triglycerides, ribosomes, keratin, and RNA only","Cellulose, glycogen, RNA, and calcium salts","DNA, histones, actin, and collagen",1,,The slides and textbook describe a phospholipid-cholesterol-protein membrane with carbohydrate chains attached to membrane lipids and proteins.
Approximately how thick is the plasma membrane according to the slides and textbook?,25-40 nm,1-2 micrometers,7.5-10 nm,80-100 nm,3,,The membrane is described as about 7.5-10 nm thick and therefore is resolved clearly with electron microscopy.
Why do phospholipids spontaneously form a bilayer in an aqueous environment?,Their phosphate groups cluster in the membrane center,Their hydrophilic heads contact water while hydrophobic fatty acid tails are buried away from water,Their hydrophobic heads bind extracellular water directly,Their fatty acid tails are strongly ionic,2,,Phospholipids are amphipathic: polar heads face water and nonpolar tails form the hydrophobic center of the bilayer.
"In a TEM image of an osmium-fixed membrane, what primarily forms the pale central band of the trilaminar membrane?",Peripheral membrane proteins,The glycocalyx,The carbohydrate chains of glycoproteins,The hydrophobic fatty acid region of the phospholipid bilayer,4,,"The source explains that osmium deposits on hydrophilic phosphate groups, leaving the fatty-acid-rich hydrophobic center relatively pale."
The central hydrophobic region of the plasma membrane is most directly responsible for which function?,Creating a barrier to water-soluble molecules,Binding all extracellular ligands,Synthesizing ATP,Anchoring every cytoskeletal filament,1,,The slides include this exact concept: the nonpolar central region forms the principal barrier to water-soluble molecules.
What is the main effect of cholesterol on the plasma membrane emphasized in the slides?,It makes the membrane freely permeable to ions,It converts peripheral proteins into integral proteins,It modulates membrane fluidity and movement of membrane components,It directly synthesizes membrane carbohydrates,3,,Cholesterol is interspersed among phospholipids and modulates membrane fluidity.
What does membrane asymmetry mean in this material?,Only the outer leaflet contains any proteins,The two halves of the lipid bilayer have different lipid and protein compositions,The membrane is thicker on the nuclear side of every cell,Only one leaflet contains phospholipids,2,,"The slides state that the lipid composition of each half differs, and the textbook expands this to asymmetry of both lipids and proteins."
Which phospholipids are described as more abundant in the outer half of the red blood cell membrane?,Cardiolipin and phosphatidylserine,Triglycerides and cholesterol esters,Phosphatidylserine and phosphatidylethanolamine,Phosphatidylcholine and sphingomyelin,4,,The textbook uses red blood cells as an example: phosphatidylcholine and sphingomyelin are enriched in the outer half.
Which phospholipids are described as more concentrated in the inner layer of the red blood cell membrane?,Phosphatidylserine and phosphatidylethanolamine,Glycolipids and cholesterol only,Phosphatidylcholine and sphingomyelin,Cardiolipin and triglycerides,1,,The textbook contrasts the inner enrichment of phosphatidylserine and phosphatidylethanolamine with outer-layer phosphatidylcholine and sphingomyelin.
What is an integral membrane protein?,A carbohydrate chain attached only to cholesterol,A protein found only free in the cytosol,A protein incorporated within the lipid bilayer,A protein restricted to the nucleolus,3,,Integral proteins are embedded in the bilayer; some span the membrane multiple times.
What distinguishes peripheral membrane proteins from integral membrane proteins?,Peripheral proteins always span the bilayer repeatedly,Peripheral proteins are more loosely associated with one membrane surface,Peripheral proteins form the hydrophobic core of the membrane,Peripheral proteins are covalently bonded to DNA,2,,The slides define peripheral proteins by their looser association with a membrane surface.
Which treatment is described in the textbook as necessary to extract integral membrane proteins?,A mild glucose solution,Simple salt solution alone,RNase only,Detergents that disrupt membrane lipids,4,,"Peripheral proteins can often be removed with salt solutions, whereas integral proteins require detergents that disrupt the lipid bilayer."
What is the glycocalyx?,A carbohydrate-rich layer formed by chains attached to membrane proteins and lipids,A mitochondrial membrane fold,A layer of actin immediately beneath the nucleus,A coat of free ribosomes on rough ER,1,,The glycocalyx is formed by carbohydrate chains on glycoproteins and glycolipids at the external cell surface.
Which functions are attributed to membrane carbohydrates and the glycocalyx in the uploaded material? Select all that apply.,Cell recognition,ATP synthesis by oxidative phosphorylation,DNA replication,Cell adhesion or attachment,"1,4",,"The slides and textbook emphasize recognition, adhesion/attachment, and receptor-related interactions for membrane carbohydrate chains."
What is the fluid mosaic model?,A model for microtubule triplet organization,A model in which proteins are permanently fixed in a crystalline lipid sheet,A model in which proteins form a movable mosaic within a fluid lipid bilayer,A model describing chromatin condensation,3,,"The textbook describes membrane proteins as a movable mosaic within the fluid lipid bilayer, although some are restricted by cytoskeletal attachments."
What experimental observation supports lateral mobility of membrane proteins?,Ribosomes remain attached to the same mRNA forever,Labeled membrane proteins spread over the surface after two cultured cells are fused,Chromatin becomes condensed during transcription,Mitochondria never change location,2,,The textbook figure describes cell-fusion experiments in which labeled membrane proteins redistributed across the hybrid-cell surface.
What are lipid rafts?,Regions lacking lipids but rich in DNA,Sites where ribosomal subunits assemble,Mitochondrial cristae specialized for steroid secretion,Membrane patches enriched in cholesterol and saturated fatty acids where some signaling proteins cluster,4,,The textbook describes lipid rafts as less-fluid membrane regions enriched in cholesterol and saturated fatty acids that help organize signaling proteins.
What can restrict the lateral diffusion of membrane proteins?,Attachments to the cytoskeleton,The presence of mRNA in the nucleus,The mitochondrial matrix,Lysosomal acid hydrolases,1,,"The fluid mosaic model allows lateral movement, but cytoskeletal anchoring can restrict that movement."
What role do integrins play according to the textbook?,They pump protons into lysosomes,They synthesize lysosomal enzymes,They link the cytoskeleton with extracellular matrix components and allow bidirectional influence,They form the 40S ribosomal subunit,3,,Integrins span the membrane and connect cytoskeletal structures with extracellular-matrix components.
Which statements about the plasma membrane are supported by the source material? Select all that apply.,It helps maintain cytoplasmic ion content different from extracellular fluid,It functions as a selective barrier,Its proteins participate in signaling and recognition,It is composed primarily of DNA and histones,"1,2,3",,"The textbook describes barrier, transport, ion-homeostasis, recognition, and signaling functions for the plasma membrane."
Simple diffusion across the plasma membrane is best suited for which substances?,Large proteins,Small nonpolar or lipid-soluble molecules,Ribosomal subunits,Chromosomes,2,,The textbook states that small nonpolar and lipophilic molecules can diffuse directly through the lipid bilayer.
What is a membrane channel?,A peripheral protein that stores glycogen,A nuclear pore made only of phospholipid,A lipid droplet in the cytoplasm,A multipass transmembrane protein forming a selective pore,4,,Channels are multipass proteins that create selective transmembrane pores for ions or small molecules.
What is a carrier protein in membrane transport?,A transmembrane protein that binds a small molecule and changes conformation to move it across the membrane,A lysosomal enzyme that hydrolyzes proteins,A histone that carries DNA,A cytoskeletal filament that binds ATP,1,,The textbook defines carriers as proteins that bind solutes and translocate them through conformational changes.
Which transport mechanism allows Na+ to move through a Na+ channel down its concentration gradient?,Phagocytosis,Exocytosis,Channel-mediated facilitated diffusion,Primary active transport,3,,The textbook transport table gives Na+ movement through a Na+ channel as an example of channel-mediated facilitated diffusion.
Glucose movement into cells through a glucose carrier down its concentration gradient is an example of what?,Simple diffusion,Carrier-mediated facilitated diffusion,Phagocytosis,Primary active transport,2,,Carrier-mediated facilitated diffusion uses a carrier protein but does not require movement against the concentration gradient.
What is osmosis?,Bulk uptake of bacteria,Movement of proteins from RER to Golgi,ATP-driven export of sodium,Diffusion of water across a selectively permeable membrane,4,,"The textbook defines osmosis as water diffusion across a selectively permeable membrane, driven by relative solute concentrations."
What distinguishes passive transport from active transport?,"Passive transport moves substances down gradients without cellular energy expenditure, whereas active transport requires cellular energy",Active transport always moves water only,"Passive transport always uses vesicles, active transport never uses proteins",Passive transport occurs only in the nucleus,1,,The transport table separates passive movement down concentration gradients from energy-requiring active processes.
What powers primary active transport?,Clathrin polymerization,DNA hydrolysis,Direct use of ATP,Passive diffusion of water,3,,Primary active transport is directly powered by ATP hydrolysis.
What powers secondary active transport?,Fusion with lysosomes,Movement of a second substance down its concentration gradient,Simple diffusion through the lipid core only,Direct phosphorylation of every transported solute by DNA,2,,"Secondary active transport couples uphill movement of one solute to downhill movement of another, such as Na+."
Which example from the textbook is a symport system?,Exocytosis of neurotransmitter,Na+/H+ transport,O2 diffusion,Na+/glucose transport,4,,The textbook table lists Na+/glucose cotransport as symport because both move in the same direction.
Which example from the textbook is an antiport system?,Na+/H+ transport,Na+/glucose transport,Osmosis,Pinocytosis,1,,The textbook lists Na+/H+ exchange as antiport because the coupled substances move in opposite directions.
What are aquaporins?,Mitochondrial DNA-binding proteins,Golgi coat proteins,Channel proteins that facilitate water movement across the plasma membrane,Lysosomal acid hydrolases,3,,The textbook states that water usually crosses plasma membranes through channel proteins called aquaporins.
Which processes are passive according to the textbook transport table? Select all that apply.,Facilitated diffusion,Simple diffusion,Osmosis,Primary active transport,"1,2,3",,"Simple diffusion, facilitated diffusion, and osmosis move substances without direct cellular energy expenditure."
Which statements about active transport are supported by the uploaded material? Select all that apply.,It is identical to simple diffusion,It requires no membrane proteins,It can move substances against a concentration gradient,Primary active transport can use ATP directly,"3,4",,"Active transport uses membrane proteins and cellular energy to move solutes, often against gradients."
What is endocytosis?,Release of vesicle contents outside the cell,Bulk uptake of material by membrane invagination or engulfment followed by vesicle formation,Synthesis of ATP in mitochondria,DNA replication in the nucleus,2,,Both the slides and textbook define endocytosis as uptake through plasma-membrane folding or invagination and vesicle formation.
Which three general forms of endocytosis are emphasized in the slides?,"Replication, transcription, and translation","Exocytosis, apoptosis, and autophagy","Symport, antiport, and osmosis","Phagocytosis, pinocytosis, and receptor-mediated endocytosis",4,,"The slides list phagocytosis, fluid-phase endocytosis (pinocytosis), and receptor-mediated endocytosis."
Phagocytosis is best described as uptake of what?,Large particles such as bacteria or dead-cell remnants,Only water molecules,Steroid hormones,Individual sodium ions,1,,Phagocytosis means 'cell eating' and involves uptake of particulate material.
What is the membrane-enclosed compartment containing an engulfed particle after phagocytosis called?,Nucleosome,Polysome,Phagosome,Peroxisome,3,,The slides identify the vesicle formed around phagocytosed material as a phagosome.
Which blood-derived cells are highlighted in the textbook as specialized for phagocytosis?,Adipocytes and chondrocytes,Macrophages and neutrophils,Keratinocytes and fibroblasts only,Erythrocytes and platelets,2,,The textbook notes that macrophages and neutrophils are particularly specialized for phagocytosis.
Pinocytosis is best described as what?,Uptake of chromosomes,Selective uptake only through nuclear pores,Direct synthesis of membrane lipids,Uptake of extracellular fluid and dissolved contents in small vesicles,4,,Pinocytosis means 'cell drinking' and traps extracellular fluid in small membrane-derived vesicles.
Approximately what diameter is given for pinocytotic vesicles?,About 80 nm,About 8 micrometers,About 1 cm,About 25 nm,1,,Both slide and textbook material state that pinocytotic vesicles are about 80 nm in diameter.
What is transcytosis?,Movement of DNA between chromosomes,Direct diffusion of cholesterol through the nucleus,Vesicular transport across a cell with uptake at one surface and release at another,A type of mitochondrial fission,3,,The textbook explains that pinocytotic or endosomal vesicles can cross a cell and release contents at the opposite surface.
What initiates receptor-mediated endocytosis?,Random rupture of the plasma membrane,Binding of a ligand to its specific membrane receptor,Binding of histones to DNA,ATP synthesis in the mitochondrial matrix,2,,Ligand binding causes specific receptors to cluster in specialized membrane regions.
What are coated pits?,Actin bundles inside microvilli,Depressions in the nuclear envelope that contain ribosomes,Cristae of steroid-secreting mitochondria,Special membrane regions where ligand-bound receptors cluster before internalization,4,,The slides describe receptor aggregation in coated pits before coated-vesicle formation.
Which protein is the major component of the coat in many receptor-mediated endocytic pits?,Clathrin,Tubulin,Cardiolipin,Desmin,1,,The slides and textbook identify clathrin as the major polypeptide of the electron-dense coated pit.
What happens to clathrin after a coated vesicle enters the cytoplasm?,It becomes mitochondrial DNA,It becomes a histone,It can separate from the vesicle and recycle to the cell membrane,It is permanently incorporated into the ligand,3,,The textbook describes clathrin uncoating and recycling for formation of new coated pits.
What are caveolae?,Mitochondrial matrix granules,Small membrane invaginations involved in a form of receptor-mediated endocytosis,Golgi cisternae containing acid hydrolases,Nuclear chromatin domains,2,,The textbook describes caveolae as small invaginations prominent in thin cells and associated with caveolins and cavins.
Which integral membrane proteins are associated with caveolae?,Histones,Keratins,Lamins,Caveolins,4,,Caveolae involve a family of integral membrane proteins called caveolins.
Which small GTPases are described as important for directing vesicle trafficking through the endosomal compartment?,Rab proteins,Histones,Actins,Collagens,1,,The textbook identifies Rab proteins as small GTPases that help direct endosomal vesicle trafficking.
What is an important effect of ATP-driven H+ pumps in late endosomes?,They make the cytosol alkaline by synthesizing bicarbonate,They polymerize nuclear lamins,They acidify the endosome interior,They convert clathrin into caveolin,3,,"The textbook states that proton pumps acidify late endosomes, helping activate hydrolytic enzymes and separate some ligands from receptors."
Why can LDL receptors be reused after receptor-mediated endocytosis?,They are copied by ribosomes while still in the membrane,They can be sorted into recycling endosomes and returned to the cell surface,They are converted into phospholipids,They fuse permanently with lysosomal enzymes,2,,The textbook specifically notes that LDL receptors can be recycled several times.
What is exocytosis?,Passive movement of O2 through the membrane,Uptake of a bacterium into a phagosome,Condensation of chromatin,Fusion of a cytoplasmic vesicle with the plasma membrane to release its contents outside the cell,4,,The slides and textbook define exocytosis as vesicle fusion with the plasma membrane and extracellular release of contents.
What commonly triggers regulated exocytosis in many cells according to the slides?,A transient increase in cytosolic Ca2+,Polymerization of histones,Loss of the nuclear envelope,A fall in all cellular ATP to zero,1,,The slides state that a transient rise in cytosolic Ca2+ triggers exocytosis in many cells.
What is membrane trafficking?,Hydrolysis of glycogen in the nucleus,Movement of chromosomes during mitosis only,The movement and recycling of cellular membranes,Replication of mitochondrial DNA only,3,,The slides define membrane trafficking as membrane movement and recycling.
What distinguishes constitutive secretion from regulated secretion?,"Constitutive secretion requires lysosomal rupture, whereas regulated secretion does not use vesicles","Constitutive secretion proceeds continuously, whereas regulated secretion stores products until a signal triggers release",Constitutive secretion occurs only in bacteria,Regulated secretion never uses Ca2+,2,,The textbook distinguishes continuous constitutive exocytosis from regulated release of stored products in response to signals.
Which events are associated with receptor-mediated endocytosis in the source material? Select all that apply.,Clathrin-coated pit formation,Formation of the mitotic spindle,Receptor recycling through endosomes,Ligand binding to a receptor,"1,3,4",,"Receptor-mediated endocytosis uses specific receptors, coated pits and vesicles, and often endosomal sorting with receptor recycling."
Which processes can deliver internalized material toward lysosomal digestion according to the textbook? Select all that apply.,Simple diffusion through the bilayer,DNA transcription,Pinocytosis,Phagocytosis,"3,4",,Phagosomes and many pinocytotic vesicles enter the endosomal-lysosomal pathway for degradation of contents.
Hydrophilic signaling molecules generally initiate cell responses by doing what?,Entering lysosomes for digestion before signaling,Binding only mitochondrial DNA,Crossing the lipid bilayer freely and binding DNA directly in every case,Binding membrane receptors and activating intracellular signal-transduction pathways,4,,The slides depict water-soluble signals acting through membrane receptors and intracellular second-messenger pathways.
Which set contains only second messengers listed in the slides?,"DAG, cAMP, and IP3","Bilirubin, glycogen, and cholesterol","Clathrin, tubulin, and actin","ATP, DNA, and collagen",1,,"The slides list 1,2-diacylglycerol (DAG), cAMP, and IP3 as small second-messenger molecules."
What is a major purpose of second messengers in signal transduction?,To digest bacteria directly,To package chromatin into nucleosomes,To relay and amplify signals inside the cell,To form the lipid bilayer,3,,"The slides describe effector proteins generating large quantities of small second messengers, allowing intracellular signal propagation and amplification."
Hydrophobic signaling molecules such as steroid and thyroid hormones are associated with which receptor location?,Only lysosomal membranes,Intracellular receptor proteins,Only clathrin-coated pits,Only the glycocalyx,2,,The slides state that small steroid and thyroid hormones use intracellular receptor proteins.
Why do steroid and thyroid hormones bind carrier proteins in plasma according to the slides?,To form microtubules,To be degraded by proteasomes,To become clathrin-coated,For transport through the body,4,,The slides describe reversible binding of these hydrophobic hormones to plasma carrier proteins for transport.
Which signaling mode uses hormones carried in the blood to distant target cells?,Endocrine signaling,Phagocytic signaling,Paracrine signaling,Synaptic signaling,1,,The textbook defines endocrine signaling as transport of signaling molecules in the blood from a source to distant target cells.
Which signaling mode acts locally because the ligand diffuses through extracellular fluid and is rapidly metabolized?,Mitochondrial signaling,Ribosomal signaling,Paracrine signaling,Endocrine signaling,3,,The textbook describes paracrine ligands as locally acting because they diffuse nearby and are rapidly metabolized.
Synaptic signaling is described as what kind of interaction?,A type of chromatin condensation,A specialized paracrine interaction using neurotransmitters at synapses,A form of lysosomal digestion,A type of primary active transport,2,,The textbook identifies synaptic signaling as a specialized local signaling process involving neurotransmitters and synapses.
Which nuclear function is explicitly emphasized in the slides?,Bile acid synthesis,Phagocytosis,Oxidative phosphorylation,DNA replication and transcription into precursor RNA molecules,4,,The slides describe the nucleus as the site of DNA replication and transcription into precursor RNA.
Which structure encloses the nucleus?,Nuclear envelope,Crista,Glycocalyx,Phagosome,1,,The nucleus is enclosed by the nuclear envelope.
Which components are listed as contained within the nucleus in the slides?,"Lysosomes, Golgi stacks, and centrioles","Peroxisomes, cristae, and caveolae","Nuclear lamina, nucleolus, and chromatin","Microvilli, cilia, and glycocalyx",3,,"The slide on the nucleus lists the nuclear lamina, nucleolus, and chromatin."
What are lamins?,Proteins forming microvillus cores,Proteins forming a lattice-like nuclear lamina,Lipids forming the mitochondrial inner membrane,Lysosomal hydrolases,2,,The nuclear lamina slide describes a lattice-like network of proteins that includes lamins.
What is one role of lamins in relation to chromatin?,They digest chromatin in lysosomes,They convert chromatin to glycogen,They transport chromatin through aquaporins,They attach chromatin to the inner nuclear membrane,4,,The slides state that lamins attach chromatin to the inner membrane of the nuclear envelope.
Which functions are assigned to the nuclear lamina in the slides? Select all that apply.,Anchoring interphase heterochromatin,Maintenance of nuclear shape,Synthesis of bile acids,Spatial organization of nuclear pores,"1,2,4",,"The slides list nuclear-shape maintenance, pore organization, transcriptional regulation, heterochromatin anchoring, and roles in DNA replication."
What is the primary role of the nucleolus?,rRNA synthesis and ribosome assembly,ATP synthesis,Phospholipid synthesis,Endocytosis,1,,The slides identify the nucleolus as the site of rRNA synthesis and ribosome assembly.
Which nucleolar region contains ribosomal precursor particles in various stages of assembly?,Nuclear envelope,Fibrillar center,Granular zone,Heterochromatin only,3,,The slides describe the granular zone at the nucleolar periphery as containing ribosomal precursor particles.
Which nucleolar region contains ribonucleoprotein fibrils?,Nuclear pore,Fibrillar zone,Centromere,Granular zone only,2,,The slides state that the centrally located fibrillar zone contains ribonucleoprotein fibrils.
Which nucleolar region contains DNA that is not being transcribed according to the slides?,Golgi trans face,Cytosol,Granular zone,Fibrillar center,4,,The fibrillar center is described as containing DNA that is not being transcribed.
Chromatin consists of which three broad components in the slides?,"DNA, histone proteins, and nonhistone proteins","RNA, phospholipids, and collagen","Actin, myosin, and elastin","Glycogen, tubulin, and cholesterol",1,,"The slides define chromatin as a complex of DNA, histones, and nonhistone proteins."
What electrical property is emphasized for histone proteins?,They are electrically neutral lipids,They are strongly negatively charged,They are positively charged,They are carbohydrates with no charge,3,,The slides describe histones as positively charged proteins.
Which amino acids are histones described as being rich in?,Glycine and tryptophan,Lysine and arginine,Glutamate and aspartate only,Methionine and cysteine only,2,,The slides state that histone proteins are rich in lysine and arginine.
What is a major role of nonhistone chromatin proteins according to the slides?,They form the phospholipid bilayer,They serve as lysosomal acid hydrolases,They synthesize triglycerides,"They include enzymes for replication, transcription, DNA repair, and regulation",4,,"The slides list replication, transcription, repair, and regulatory enzymes among nonhistone proteins."
Which forms of DNA are explicitly listed in the chromatin slide?,"B-DNA, Z-DNA, and A-DNA","A-RNA, B-RNA, and Z-RNA","G-actin, F-actin, and myosin","COPI, COPII, and clathrin",1,,"The chromatin slide lists B, Z, and A forms of DNA."
How is heterochromatin characterized in the slides?,Extended and highly transcriptionally active,Composed only of RNA,Highly condensed and transcriptionally inactive,Membrane-bound and acidic,3,,The slides characterize heterochromatin as highly condensed and transcriptionally inactive.
How is euchromatin characterized in the slides?,Composed only of histones,More extended and transcriptionally active,Highly condensed and inactive,Located only in mitochondria,2,,"The slides describe euchromatin as a more extended, transcriptionally active form of DNA."
"According to the slide percentages, what fraction of total chromatin is heterochromatin?",About 90%,About 1%,About 50%,About 10%,4,,The slides state that approximately 10% of total chromatin is heterochromatin.
"According to the slide percentages, what fraction of total chromatin is euchromatin?",About 90%,About 50%,About 25%,About 10%,1,,The slides state that approximately 90% of total chromatin is euchromatin.
"According to the slides, approximately what fraction of total chromatin is actively transcribed at a given time?",About 90%,None of the chromatin,About 10%,All chromatin,3,,The slides state that only about 10% of total chromatin is actively transcribed.
In which nuclear structure is DNA actively transcribed to rRNA?,Nuclear envelope,Nucleolus,Nuclear lamina,Nuclear pore,2,,The slide question identifies the nucleolus as the nuclear structure where rRNA transcription occurs.
What pH value is given for cytoplasm in the slides?,Approximately 10.5,Approximately 5.0,Approximately 2.0,Approximately 7.35,4,,The cytoplasm slide describes the cytoplasm as a homogeneous colloid with a pH of 7.35.
Approximately what percentage of the cytoplasm is water according to the slides?,70%,95%,10%,30%,1,,The cytoplasm slide states that water accounts for about 70%.
What contributes with microfilaments to sol-gel transformation of the cytoplasm?,Cholesterol in the nuclear envelope,Mitochondrial DNA only,High protein content,Acid hydrolases,3,,The slide states that high protein content together with microfilaments contributes to sol-gel transformation.
Which of the following is classified as a membranous organelle in the slides?,Microtubule,Golgi apparatus,Centriole,Ribosome,2,,The slides list Golgi apparatus among membranous organelles.
Which of the following is classified as non-membranous in the slides?,Mitochondrion,Lysosome,Peroxisome,Ribosome,4,,Ribosomes are listed among non-membranous structures.
Which structures are listed as cytoplasmic inclusions in the slides? Select all that apply.,Melanin,Rough endoplasmic reticulum,Glycogen,Lipid droplets,"1,3,4",,"The slide list includes lipid droplets, glycogen, melanin, lipofuscin, crystals, and hemosiderin as cytoplasmic inclusions."
How do inclusions differ from organelles according to the textbook summary?,Inclusions are not metabolically active and often serve as storage sites or deposits,Inclusions contain ribosomal RNA and synthesize proteins,Inclusions perform oxidative phosphorylation,Inclusions always have double membranes,1,,The textbook distinguishes inclusions from metabolically active organelles and describes them mainly as storage sites or deposits.
Which pigment is also referred to as a residual-body material in the textbook summary?,Cardiolipin,Bilirubin only,Lipofuscin,Clathrin,3,,"The textbook notes residual bodies can contain lipofuscin, a pigment that may accumulate with age or lysosomal digestion."
What are ribosomes composed of?,Actin and myosin,rRNA and protein,Glycogen and lipid,DNA and cholesterol,2,,The slides describe ribosomes as complexes of ribosomal RNA and proteins.
What are the eukaryotic ribosomal subunits listed in the slides?,25S and 15S,50S and 30S,80S and 20S,60S and 40S,4,,The slides identify a large 60S subunit and a small 40S subunit.
What is a polysome?,A single mRNA translated simultaneously by several ribosomes,A stack of Golgi cisternae,A bundle of intermediate filaments,A cluster of lysosomes digesting one bacterium,1,,The slides define a polysome as multiple ribosomes translating one mRNA.
In what direction do ribosomes move along mRNA during translation?,Randomly in both directions,From the 3' end toward the 5' end,From the 5' end toward the 3' end,From the nucleus toward the plasma membrane without using mRNA,3,,The slides explicitly state that ribosomes move on mRNA from 5' toward 3'.
An abundance of polyribosomes tends to produce what staining property in the cytoplasm with H&E?,Silver staining only,Basophilia,Complete absence of staining,Strong eosinophilia due to collagen,2,,The textbook notes that abundant polyribosomes contribute to basophilic cytoplasm because of their RNA.
Proteins synthesized on free polysomes are commonly destined for which locations?,Only extracellular secretion,Only lysosomal lumens,Only the Golgi trans face,"The cytosol and certain organelles such as the nucleus, mitochondria, and peroxisomes",4,,The textbook figure contrasts free polysomes with ER-bound polysomes and shows free-polysome products remaining cytosolic or being imported into selected organelles.
Proteins entering the RER pathway commonly contain what at the beginning of translation?,A signal peptide,A histone octamer,A lysosomal residual body,A glycogen granule,1,,The textbook states that proteins processed through the RER contain initial signal peptides that localize translation to the ER.
What binds the signal peptide during targeting of a translating ribosome to rough ER?,Dynein,Clathrin,Signal recognition particle (SRP),Desmin,3,,The textbook figure and text describe SRP binding to the signal peptide and directing the ribosome toward the RER membrane.
Which protein is most likely to have used an SRP-dependent signal peptide during translation?,A nuclear lamin,A protein stored in a secretory granule,A cytosolic glycolytic enzyme,F-actin,2,,The textbook assessment identifies secretory-granule proteins as products that enter the RER/secretory pathway via signal-peptide targeting.
Which destinations are associated with proteins synthesized on RER-bound ribosomes? Select all that apply.,The cytosol as an unprocessed soluble protein,Lysosomes,Plasma membrane,Secretion outside the cell,"2,3,4",,"The slides state that RER synthesizes proteins destined for the Golgi, secretion, plasma membrane, and lysosomes."
How is rough endoplasmic reticulum organized structurally in the slides?,As nine triplets of microtubules,As a double membrane with cristae,As a carbohydrate coat outside the cell,As membrane cisternae with ribosomes on the cytoplasmic surface,4,,The slides describe RER as a single-bilayer membrane system organized into cisternae and associated with ribosomes.
Which cell type is given as an example of a cell rich in rough ER?,Pancreatic acinar cell,White adipocyte,Chondrocyte only,Mature erythrocyte,1,,The RER slide gives pancreatic acinar cells as a classic example because of their high protein-secretory activity.
Why is rough ER especially abundant in actively protein-secreting cells?,It forms mitochondrial cristae,It stores all cellular glycogen,It synthesizes and begins processing proteins destined for secretion and the endomembrane system,It generates the mitotic spindle,3,,"RER-bound polysomes synthesize proteins for secretion, plasma membrane, Golgi processing, and lysosomes."
What is one major quality-control function of rough ER described in the textbook?,It directly replicates nuclear DNA,Molecular chaperones and enzymes monitor folding and modification of newly translocated proteins,It digests phagocytosed bacteria,It destroys all mRNA after one round of translation,2,,The textbook explains that proteins in RER cisternae undergo folding and posttranslational modification monitored by chaperones and enzymes.
What is ER-associated degradation (ERAD) linked to in the slide discussion of osteogenesis imperfecta?,Recycling of LDL receptors,Polymerization of tubulin,Breakdown of glycogen in the cytosol,Quality control and handling of defective procollagen,4,,The slide associates osteogenesis imperfecta with defective procollagen synthesis/secretion and defects involving RER and ERAD.
Smooth ER differs from rough ER primarily because smooth ER does what?,Lacks attached ribosomes,Contains nuclear pores,Contains 13 protofilaments,Contains a double membrane,1,,The smooth ER slide explicitly states that SER lacks ribosomes.
Which structural description best fits smooth ER?,A stack of 9 microtubule triplets,A spherical vesicle filled with acid hydrolases only,"A network of membranous sacs, vesicles, and tubules continuous with RER",A non-membranous barrel of proteases,3,,The slides describe SER as a membranous network continuous with rough ER.
Which molecules are synthesized by enzymes in smooth ER according to the slides? Select all that apply.,Sterols,Triglycerides,rRNA,Phospholipids,"1,2,4",,"The SER slide lists phospholipids, triglycerides, and sterols as products of SER-associated enzymes."
Which functions are assigned to smooth ER in the slides? Select all that apply.,Detoxification reactions,Sequestration and release of Ca2+,Glycogen degradation and gluconeogenesis,Assembly of ribosomal subunits,"1,2,3",,"The slides list detoxification, carbohydrate metabolism, lipid metabolism, and calcium sequestration/release among SER functions."
Which detoxification reactions are specifically named for smooth ER?,Phagocytosis and pinocytosis,Hydroxylation and conjugation,Replication and transcription,Polymerization and depolymerization of tubulin,2,,The SER function slide explicitly names hydroxylation and conjugation.
What medical application is used in the slides to connect smooth ER with bilirubin metabolism?,MERRF,Tay-Sachs disease,Chediak-Higashi syndrome,Jaundice,4,,The slides link jaundice to bilirubin accumulation and note that bilirubin is normally metabolized by SER enzymes in liver cells and excreted in bile.
What protein is defective in the slide discussion of osteogenesis imperfecta?,Procollagen,Clathrin,Tubulin,Caveolin,1,,"The slide states that bone cells synthesize and secrete defective procollagen, producing very weak bone tissue."
Which cytoplasmic region would be most likely to lose lipid content during routine histologic processing with organic solvents?,A region rich in free polysomes,A region rich in lysosomal hydrolases,A region rich in smooth ER,A region rich in chromatin,3,,The textbook assessment links poorly preserved lipid-rich cytoplasm with abundant smooth ER because SER is strongly associated with lipid metabolism.
What is the basic structural organization of the Golgi apparatus?,A lattice of intermediate filaments,"Stacks of smooth, disc-shaped membrane cisternae with associated vesicles",A hollow tubule of 13 protofilaments,A double membrane with cristae,2,,The slides describe the Golgi as disc-shaped smooth cisternae (dictyosomes) plus membrane-bound vesicles.
Which Golgi face is associated with the rough ER?,Lateral face only,Nuclear face,Trans or maturing face,Cis or forming face,4,,The slides identify the cis Golgi face as the receiving/forming side associated with RER.
Which Golgi face is commonly oriented toward the plasma membrane?,Trans or maturing face,Cis face,Basal lamina,Mitochondrial face,1,,The slides state that the trans face is often oriented toward the plasma membrane.
Which modifications are emphasized for the Golgi apparatus? Select all that apply.,DNA replication,Phosphorylation,Sulfation,Glycosylation,"2,3,4",,"The slides list glycosylation, phosphorylation, and sulfation as important Golgi functions."
Which coat protein is associated with forward movement from the ER toward the Golgi in the slides?,COPI,Clathrin only,COPII,Kinesin,3,,The slide explicitly states 'Forward movement COP-II.'
Which coat protein is associated with retrograde movement in the slides?,Keratin,COPI,Actin,COPII,2,,The slide explicitly states 'retrograde movements COP-I.'
What is the general flow of secretory cargo through the Golgi?,Entry at microvilli and exit through centrioles,Entry at the trans face and exit through the nuclear envelope,Entry through lysosomes and exit through mitochondria,"Entry at the cis face, modification through the stack, and exit from the trans face",4,,The textbook describes transport vesicles entering the cis receiving face and modified cargo leaving from the trans side.
What is a major function of the trans Golgi network?,"Sorting and packaging modified proteins for destinations such as lysosomes, plasma membrane, or secretion",Generating ATP,Polymerizing actin exclusively,Replicating DNA,1,,The textbook summary describes packaging of Golgi-modified proteins into vesicles directed to different destinations.
What enzyme deficiency causes I-cell disease in the slide material?,Adenylyl cyclase deficiency,Dynein deficiency,N-acetylglucosamine-phosphotransferase deficiency,Catalase deficiency,3,,The I-cell disease slide identifies deficiency of N-acetylglucosamine-phosphotransferase.
What targeting marker is formed by the Golgi reaction that is defective in I-cell disease?,Cardiolipin,Mannose-6-phosphate,Bilirubin,cAMP,2,,The deficient Golgi enzyme normally phosphorylates mannose residues to generate mannose-6-phosphate on N-linked glycoproteins.
How is I-cell disease inherited according to the slide?,Y-linked,X-linked dominant,Mitochondrial inheritance,Autosomal recessive,4,,"The slide labels I-cell disease as AR, meaning autosomal recessive."
What are secretory granules?,Membrane-bound vesicles that store concentrated secretory products until release,Non-membranous DNA aggregates,Microtubule-organizing centers,Lipid rafts in the plasma membrane,1,,The textbook describes secretory granules as storage vesicles for products released by regulated secretion.
Which type of secretion is most closely associated with secretory granules?,Osmosis,Primary active transport,Regulated secretion,Simple diffusion,3,,Regulated secretion stores products in granules until a signal triggers exocytosis.
Which destinations can Golgi-derived transport vesicles target according to the textbook summary? Select all that apply.,Lysosomes,Extracellular secretion,Chromosomal centromeres,Plasma membrane,"1,2,4",,"Modified proteins leave the Golgi in coated vesicles directed to lysosomes, the plasma membrane, or secretion."
What is the principal function of lysosomes?,Steroid hormone binding in plasma,Intracellular digestion and turnover of cellular components,Formation of the mitotic spindle,DNA replication,2,,The slides and textbook identify lysosomes as intracellular digestive organelles.
What type of enzymes do lysosomes contain?,DNA polymerases only,Histones,Tubulin GTPases only,Acid hydrolases,4,,The slides state that lysosomal enzymes are acid hydrolases.
At approximately what pH do lysosomal acid hydrolases have optimal activity?,About pH 5,About pH 1,About pH 7.35,About pH 10,1,,The slide gives an optimal lysosomal enzyme activity at approximately pH 5.
What is a primary lysosome according to the textbook summary?,A vesicle carrying cholesterol from the cell surface,A mitochondrion undergoing fission,A Golgi-derived lysosome containing acid hydrolases before fusion with material to be digested,A newly assembled ribosome,3,,The textbook summary states that primary lysosomes emerge from the Golgi containing acid hydrolases.
What characterizes a secondary lysosome?,It is an intermediate filament,It has fused with a vesicle containing material to be digested,It contains no hydrolytic enzymes,It is a type of nuclear pore,2,,Secondary lysosomes are more heterogeneous because they form after lysosomal fusion with endocytic or other cargo-containing vesicles.
Why are leaked lysosomal enzymes relatively less damaging in the cytosol?,They require cholesterol to function,They immediately become DNA,They are only active in the nucleus,Their activity is optimized for the acidic lysosomal environment rather than the near-neutral cytosol,4,,The textbook notes that lysosomal hydrolases work best at acidic pH and are much less active at cytosolic pH.
What is autophagy?,Lysosomal digestion of unneeded or nonfunctional organelles after they are enclosed by membrane,Assembly of ribosomes in the nucleolus,Direct diffusion of proteins through the bilayer,Replication of mitochondrial DNA,1,,The textbook summary describes autophagy as delivery of unneeded organelles to lysosomes for degradation.
What happens to useful products generated by digestion in secondary lysosomes?,They are converted into chromatin,They are all secreted immediately,They can be released to the cytoplasm for reuse,They remain permanently trapped in residual bodies,3,,The textbook summary states that digestion products can be returned to the cytoplasm for reuse.
What is a residual body?,A ribosomal precursor particle,A condensed vesicle containing indigestible material left after lysosomal digestion,A newly synthesized secretory granule,A Golgi cisterna,2,,The textbook describes residual bodies as final vesicles containing indigestible molecules.
Which disease in the slide lysosomal-storage table is associated with hexosaminidase deficiency?,McArdle syndrome,MERRF,Zellweger syndrome,Tay-Sachs disease,4,,The lysosomal storage disease table on the slide associates Tay-Sachs disease with defective GM2 gangliosidase/hexosaminidase-related degradation.
Which lysosomal storage disease in the slide table is associated with glucocerebrosidase deficiency?,Gaucher disease,Hurler syndrome,Osteogenesis imperfecta,Chediak-Higashi syndrome,1,,The slide table lists glucocerebrosidase deficiency for Gaucher disease.
What are proteasomes?,Golgi transport vesicles,Acidic membrane-bound organelles for bulk digestion,Non-membranous protein complexes that degrade selected proteins,Mitochondrial inner-membrane folds,3,,The slides describe proteasomes as non-membranous protein complexes that degrade denatured or nonfunctional polypeptides.
Which small polypeptide tag marks many proteins for proteasomal degradation in the textbook?,Cardiolipin,Ubiquitin,Clathrin,Glycogen,2,,"The textbook states that proteins destined for proteasomal degradation are tagged with ubiquitin, often as a polyubiquitin chain."
Which disorders are linked in the slide material to protein aggregates and proteasome failure?,Zellweger syndrome and MERRF,I-cell disease and jaundice,Osteogenesis imperfecta and Tay-Sachs disease,Alzheimer disease and Huntington disease,4,,The proteasome slide associates Alzheimer and Huntington diseases with protein aggregates due to failure of protein degradation.
Which statements correctly distinguish lysosomes from proteasomes? Select all that apply.,Proteasomes require a pH of about 5 inside a membrane-enclosed lumen,Both are defined as mitochondrial inner-membrane folds,Proteasomes are non-membranous protein-degradation complexes,Lysosomes are membrane-enclosed acidic digestive organelles,"3,4",,"Lysosomes perform membrane-enclosed acidic digestion, whereas proteasomes are non-membranous complexes for targeted protein degradation."
How are peroxisomes structurally described in the slides?,Small spherical organelles enclosed by a single membrane,Double-membrane organelles with cristae,Non-membranous ribonucleoprotein particles,Stacks of flattened Golgi cisternae,1,,The slides describe peroxisomes as small spherical single-membrane organelles.
Which reactive molecule is both generated and degraded in peroxisomal metabolism?,cAMP,Carbon monoxide only,Hydrogen peroxide,Bilirubin,3,,The peroxisome slide includes synthesis and degradation of hydrogen peroxide among peroxisomal functions.
Which enzyme highlighted in the textbook breaks down H2O2 in peroxisomes?,Adenylyl cyclase,Catalase,Clathrin,Dynein,2,,The textbook summary identifies catalase as a key peroxisomal enzyme that breaks down hydrogen peroxide.
Peroxisomes are important for oxidation of which fatty acids in the slide material?,Only amino acids,Only cholesterol esters,Only two-carbon fatty acids,Very-long-chain fatty acids longer than about C24,4,,The slide specifically lists oxidation of very-long-chain fatty acids greater than C24.
Which functions are listed for peroxisomes in the slides? Select all that apply.,Bile acid synthesis,Phospholipid exchange,Very-long-chain fatty acid oxidation,rRNA synthesis,"1,2,3",,"The slides list VLCFA oxidation, phospholipid exchange, bile-acid synthesis, and hydrogen-peroxide metabolism."
What accumulates when peroxisome function is deficient according to the slides?,Very-long-chain fatty acids and bile acid precursors,Only ribosomal subunits,Histones,Clathrin-coated vesicles,1,,The slide states that patients fail to oxidize VLCFAs and accumulate bile-acid precursors.
Which disorders are named as common peroxisomal deficiency disorders in the slides? Select all that apply.,McArdle syndrome,I-cell disease,Neonatal adrenoleukodystrophy,Zellweger syndrome,"3,4",,The peroxisome slide names Zellweger syndrome and neonatal adrenoleukodystrophy.
What is the major cellular function of mitochondria emphasized in both slides and textbook?,rRNA synthesis,Phagosome formation,ATP synthesis,Extracellular matrix secretion,3,,Mitochondria are described as the major sites of ATP production.
What type of DNA do mitochondria contain according to the slides?,Only RNA,Double-stranded circular DNA,Single-stranded linear DNA only,No DNA,2,,The slides state that mitochondria contain double-stranded circular DNA.
How many membranes surround a mitochondrion?,None,Three,One,Two,4,,The slides explicitly state that mitochondria have two membranes.
How is the outer mitochondrial membrane described?,"Smooth, continuous, and highly permeable",Highly folded and impermeable to most small ions,Composed of chromatin,Non-membranous,1,,"The slides describe the outer membrane as smooth, continuous, and highly permeable."
What integral membrane proteins contribute to the high permeability of the outer mitochondrial membrane?,Lamins,Histones,Porins,Keratins,3,,The slides attribute outer-membrane permeability to abundant porins.
What does the mitochondrial intermembrane space contain according to the slides?,Ribosomal precursor particles,Enzymes such as creatine phosphokinase and adenylate kinase,Acid hydrolases only,Histones and chromatin,2,,The slides list creatine phosphokinase and adenylate kinase in the intermembrane compartment.
How is the inner mitochondrial membrane described with respect to small ions and molecules?,Identical to the outer membrane in permeability,Completely absent,Freely permeable to all ions,Relatively impermeable to many small ions and molecules,4,,The slide contrasts the selective inner membrane with the highly permeable outer membrane.
Which lipid is especially abundant in the inner mitochondrial membrane?,Cardiolipin,Melanin,Glycogen,Clathrin,1,,The slides identify a high content of cardiolipin in the inner mitochondrial membrane.
What are mitochondrial cristae?,Bundles of keratin,Infoldings of the plasma membrane used in endocytosis,Infoldings of the inner mitochondrial membrane,Stacks of Golgi cisternae,3,,The slides define cristae as numerous infoldings of the inner mitochondrial membrane.
Where are the electron-transport and oxidative-phosphorylation enzymes located?,Outer nuclear membrane,Inner mitochondrial membrane,Lysosomal lumen,Golgi cis face,2,,The slides place electron transport and oxidative phosphorylation on the inner mitochondrial membrane.
"Which mitochondrial compartment contains enzymes that oxidize pyruvate, amino acids, and fatty acids?",Outer membrane,Intermembrane space only,Golgi lumen,Matrix,4,,The slides describe the matrix as containing enzymes that oxidize these fuels and generate reduced cofactors.
Which reduced cofactors generated in the mitochondrial matrix are used by the electron transport chain?,NADH and FADH,ATP and DNA only,Clathrin and caveolin,cAMP and IP3,1,,The slides list reduced NADH and FADH as electron carriers generated for the electron transport chain.
What are the two cristae forms identified in the slides?,Granular and fibrillar,Cis and trans,Plate-like and tubular,A and Z only,3,,The mitochondria slide describes plate-like and tubular-like cristae.
Which cells are highlighted as having tubular mitochondrial cristae?,Neutrophils only,Steroid-secreting adrenal and gonadal cells,Mature erythrocytes,Intestinal absorptive cells only,2,,The slide states that steroid-secreting adrenal and gonadal cells have tubular cristae.
How is mitochondrial DNA inherited according to the slides?,Paternally only,Only through the Y chromosome,Equally from both parents in every mitochondrion,Maternally,4,,The slides state that mitochondrial DNA is inherited from the mother.
What do intramitochondrial granules contain according to the slides?,Calcium and magnesium,Clathrin and caveolin,Histones and DNA polymerase,Bilirubin and glycogen,1,,The slides describe intramitochondrial granules as containing calcium and magnesium.
MERRF is associated in the slides with a mutation affecting which molecule?,Clathrin heavy chain,Nuclear lamin B receptor,Mitochondrial lysine tRNA,Peroxisomal catalase only,3,,The slides link MERRF to mitochondrial DNA carrying a mutated gene for lysine tRNA.
What is a consequence of the MERRF mutation described in the slides?,Excess synthesis of glycocalyx,Defective synthesis of respiratory-chain proteins,Failure of chromatin condensation only,Loss of all lysosomal acidification,2,,The slide states that the mitochondrial tRNA mutation leads to defective synthesis of respiratory-chain protein.
Which cell type would be expected to have the greatest mitochondrial content based on the slide question?,Osteocytes,Chondrocytes,White adipocytes,Cardiac muscle cells,4,,The slide question links mitochondrial abundance to energy demand and identifies cardiac muscle cells as the highest-energy option.
What does the textbook identify as the source of new mitochondria?,Fission of preexisting mitochondria,Polymerization of actin,Fusion of lysosomes,De novo assembly from Golgi cisternae,1,,The textbook summary states that mitochondria form by fission of preexisting mitochondria.
Which pathways are located in the mitochondrial matrix according to the textbook summary?,rRNA transcription and ribosome assembly,Clathrin coating and caveola formation,Beta-oxidation of fatty acids and the citric acid cycle,Glycolysis and receptor-mediated endocytosis,3,,The textbook summary places beta-oxidation and the citric acid (Krebs) cycle in the mitochondrial matrix.
What enzyme complex in the inner mitochondrial membrane directly produces ATP using the proton gradient?,Clathrin,ATP synthase,DNA polymerase,Catalase,2,,The textbook summary states that the inner membrane includes the electron-transport system and ATP synthase.
"In stressed cells, mitochondrial release of which molecule can trigger apoptosis?",Clathrin,Glycogen,Bilirubin,Cytochrome c,4,,The textbook summary and apoptosis slide link mitochondrial cytochrome c release with activation of cell-death pathways.
Which features belong to the inner mitochondrial membrane? Select all that apply.,Abundant porins causing high permeability,ATP synthase,Electron-transport system,Cristae,"2,3,4",,The inner membrane forms cristae and houses electron-transport and ATP-generating machinery; porins characterize the outer membrane.
What are the three major cytoskeletal polymer systems in the textbook?,"Microtubules, actin microfilaments, and intermediate filaments","Golgi, ER, and mitochondria","DNA, RNA, and glycogen","Ribosomes, lysosomes, and peroxisomes",1,,"The textbook summary identifies microtubules, actin filaments, and intermediate filaments as the three major cytoskeletal systems."
Approximately what diameter do microtubules have?,8-10 nm,5-7 nm,25 nm,80 nm,3,,The slides and textbook describe microtubules as about 25 nm in diameter.
Microtubules are polymers of what?,Keratin and vimentin,Alpha- and beta-tubulin heterodimers,Actin and myosin,Collagen and elastin,2,,The slides state that microtubules are built from alpha/beta tubulin heterodimers.
How many protofilaments form the wall of a typical microtubule?,9,7,3,13,4,,The slides specify 13 protofilaments in a complete microtubule.
Which functions are assigned to microtubules in the slides? Select all that apply.,Intracellular vesicle and organelle transport,Chromosome movement during meiosis and mitosis,rRNA synthesis,Ciliary and flagellar movement,"1,2,4",,"The slides list chromosome movement, spindle formation, intracellular transport, and ciliary/flagellar movement as microtubule functions."
What does microtubule polarity help determine?,The direction of vesicular transport along microtubules,The charge of histones,The percentage of cytoplasmic water,The pH optimum of lysosomal enzymes,1,,The textbook assessment emphasizes that microtubule polarity establishes direction for motor-driven transport.
Which motor protein generally moves vesicles and organelles away from the cell center?,Clathrin,Myosin II,Kinesin,Dynein,3,,The slide states that kinesin moves vesicles and organelles away from the cell center.
Which motor protein generally moves cargo along microtubules toward the cell center?,Keratin,Dynein,Vimentin,Kinesin,2,,The slide identifies dynein as responsible for movement toward the cell center.
What does MTOC stand for in the context of microtubules?,Membrane trafficking output channel,Microfilament tension organizing complex,Mitochondrial transport oxidation complex,Microtubule-organizing center,4,,The slides state that microtubule formation is directed by a microtubule-organizing center.
Which factors are stated to influence microtubule formation in the slides?,Ca2+ concentration and microtubule-associated proteins,Bilirubin and glycogen,Histones and DNA,Clathrin and caveolin only,1,,The microtubule-organizing-center slide names calcium concentration and MAPs as factors controlling microtubule formation.
What is dynamic instability of microtubules?,Conversion of microtubules into DNA,Fusion of microtubules with lysosomes,Rapid switching between phases of tubulin addition and loss,Permanent fixation of microtubule length,3,,The textbook describes microtubules as highly dynamic polymers with steady addition and dissociation of tubulin.
Chediak-Higashi syndrome is linked in the slides to what cellular defect?,Defective histone synthesis,Defective microtubule polymerization and abnormal intracellular transport,Excess ATP synthase activity,Loss of all membrane cholesterol,2,,The slides describe Chediak-Higashi syndrome as an autosomal recessive immunodeficiency with defective microtubule polymerization and transport.
What phagocytic-cell consequence is described for Chediak-Higashi syndrome?,Loss of mitochondrial DNA,Failure to form nuclear pores,Excess receptor recycling,Delayed fusion of phagosomes with lysosomes in leukocytes,4,,The slide states that phagosome-lysosome fusion is delayed in leukocytes.
How are the two centrioles typically oriented relative to one another?,Their long axes are perpendicular,They are arranged inside the nucleolus,They form a single flat sheet,They are parallel and fused,1,,The centriole slide describes a pair of cylindrical structures oriented at right angles.
What is the microtubule arrangement in a centriole?,Seven actin bundles,Nine doublets plus a central pair,Nine sets of microtubule triplets,Thirteen single protofilaments only,3,,The slides describe centrioles as having nine triplets arranged in a pinwheel pattern.
Approximately what diameter are actin microfilaments according to the textbook summary?,25 nm,5-7 nm,80 nm,8-10 nm,2,,The textbook summary gives actin filaments a diameter of about 5-7 nm.
What are microfilaments made of?,Histone,Collagen,Tubulin,Actin,4,,The slides identify microfilaments as polymers of actin.
What are the two forms of actin named in the slides?,G-actin and F-actin,A-actin and Z-actin,Cis-actin and trans-actin,Alpha-actin and beta-actin only,1,,The slides distinguish globular G-actin from filamentous F-actin.
How is F-actin described structurally?,A hollow cylinder of 13 protofilaments,A nine-triplet cylinder,Helically entwined actin chains,A double membrane with cristae,3,,The slides state that F-actin polymerizes into helically entwined actin chains.
What does the slide state can influence actin filament disassembly and reassembly?,Changes only in nuclear DNA sequence,Changes in Ca2+ and cAMP,Changes in bilirubin,Changes in lysosomal pH only,2,,The microfilament slide says actin chains readily dissociate and reassemble with changes in Ca2+ and cAMP.
What motor proteins move along actin filaments according to the textbook?,Lamins,Kinesins,Dyneins,Myosins,4,,The textbook summary identifies myosins as motor proteins that bind and move along actin filaments.
Which cellular processes depend on actin and myosin according to the textbook summary? Select all that apply.,rRNA transcription in the nucleolus,Endocytosis,Cell cleavage after mitosis,Cell locomotion,"2,3,4",,"The textbook summary links actin-myosin cytoplasmic movements with endocytosis, cytokinetic cleavage, and cell locomotion."
Which cytoskeletal element is described as the most stable and as conferring strong mechanical stability?,Intermediate filaments,Actin filaments,Microtubules,Clathrin coats,1,,Both slides and textbook emphasize the mechanical stability provided by intermediate filaments.
Approximately what diameter are intermediate filaments according to the textbook summary?,25 nm,5-7 nm,8-10 nm,80 nm,3,,The textbook summary gives intermediate filaments a diameter of about 8-10 nm.
Which intermediate filament is characteristic of cells of mesenchymal origin?,Desmin,Vimentin,GFAP,Keratin,2,,The slide identifies vimentin as characteristic of cells of mesenchymal origin.
Which intermediate filament is associated with muscle Z-disks and uniform tension distribution?,GFAP,Vimentin,Neurofilament,Desmin,4,,The slide associates desmin with skeletal-muscle Z-disks and tension distribution.
Which intermediate filament protein is characteristic of astrocytes and other glial cells?,Glial fibrillary acidic protein (GFAP),Desmin,Keratin,Vimentin only,1,,"The slide lists GFAP as characteristic of the cytoplasm of glial cells, especially astrocytes."
Which intermediate filaments are present in neurons?,Keratins,Lamins only,Neurofilaments,Desmin only,3,,The slide lists neurofilaments as intermediate filaments present in neurons.
Which intermediate filaments are prominent in skin epithelial cells for resistance to friction and cell-cell adhesion?,Vimentin,Keratins,Neurofilaments,Desmin,2,,"The slide associates keratins with skin cells, friction resistance, and cell-cell adhesion."
A patient with epidermolysis bullosa simplex has mutations in keratin genes. Which normal function of keratins is most directly affected?,Vesicular acidification,rRNA synthesis,ATP synthesis,Mechanical stability,4,,The textbook assessment uses keratin mutations to illustrate the mechanical-strength function of intermediate filaments.
Which pairings between intermediate filament and cell type are correct? Select all that apply.,Desmin — hepatocyte glycocalyx,GFAP — astrocytes,Neurofilaments — neurons,Vimentin — mesenchymal cells,"2,3,4",,"The slide maps vimentin to mesenchymal cells, GFAP to glial cells, neurofilaments to neurons, desmin to muscle, and keratins to epithelial/skin cells."
Which events are listed as possible triggers leading toward apoptosis in the slides?,"Cellular injury, DNA damage, or decreased hormonal stimulation",Only increased extracellular cholesterol,Only phagocytosis of bacteria,Only increased glycogen storage,1,,"The apoptosis slide lists cellular injury, DNA damage, and decreased hormonal stimulation."
What anti-apoptotic protein is described as becoming inactive in the slide pathway?,Vimentin,Catalase,Bcl-2,Clathrin,3,,The slide pathway describes loss or inactivation of Bcl-2 as permitting cytochrome c release.
Which mitochondrial molecule activates the downstream apoptotic cascade after release into the cytoplasm?,Glycogen,Cytochrome c,Bilirubin,Cardiolipin,2,,The apoptosis slide and textbook summary link cytochrome c release to activation of apoptosis.
Which protease family is activated in apoptosis according to the slides?,Collagenases only,Tubulins,Histones,Caspases,4,,The slides state that cytochrome c leads to caspase activation.
What do caspases activate in the slide description?,Proteases and endonucleases,Only clathrin,Only ribosomes,Only cholesterol,1,,The slide states that caspases activate proteases and endonucleases that dismantle cellular components.
Which morphologic changes are described in apoptosis? Select all that apply.,Cell shrinkage,Nuclear condensation and organized fragmentation,Formation of apoptotic bodies,Diffuse cell swelling followed by inflammatory rupture as the defining pattern,"1,2,3",,"The slides describe shrinkage, increased eosinophilia, nuclear condensation/fragmentation, and apoptotic-body formation."
How are apoptotic bodies removed according to the slides?,By Golgi cisternae,By nuclear pores,By macrophages,By mitochondrial fission only,3,,The slides state that apoptotic bodies are removed by macrophages.
What inflammatory response follows apoptosis according to the slides?,Only granulomatous inflammation occurs,Apoptosis is not followed by inflammation,Inflammation occurs only because of clathrin,Severe inflammation is obligatory,2,,The slide explicitly states that apoptosis is not followed by inflammation.
"In the slide clinical question, high-risk HPV E6 promotes cervical cancer primarily by doing what?",Arresting the cell cycle permanently,Inhibiting telomerase expression,Directly increasing glycogen breakdown,Promoting p53 degradation and thereby preventing apoptosis,4,,The slide question states that E6 causes p53 degradation; the keyed mechanism is prevention of apoptosis.
Which events belong to the apoptotic pathway presented in the uploaded sources? Select all that apply.,Loss of Bcl-2 protection,Cytochrome c release,Caspase activation,COPII-mediated transport from ER to Golgi as the execution step,"1,2,3",,The slide pathway connects reduced Bcl-2 activity with mitochondrial cytochrome c release and caspase activation.
A newly synthesized protein will be secreted from the cell. Which sequence best matches its route?,RER -> Golgi apparatus -> secretory vesicle -> plasma membrane,Mitochondrial matrix -> nuclear lamina -> glycocalyx,SER -> centriole -> microtubule -> chromatin,Nucleolus -> peroxisome -> lysosome -> nucleus,1,,"Secretory proteins enter the RER, move through the Golgi for processing and sorting, and are released by vesicle fusion with the plasma membrane."
A lysosomal enzyme is synthesized normally but fails to receive the Golgi targeting modification highlighted in I-cell disease. Which destination is most directly disrupted?,Nucleolus,Microtubule-organizing center,Lysosome,Mitochondrial matrix,3,,Mannose-6-phosphate formation in the Golgi is a key targeting step for lysosomal enzymes.
A membrane receptor binds LDL and enters a clathrin-coated pit. What is most likely to happen to the receptor after ligand-receptor separation in an endosome?,It is always converted into ATP,It may be recycled to the plasma membrane,It must become a histone,It forms a centriole,2,,The textbook uses LDL receptors as an example of receptors sorted into recycling endosomes and returned to the surface.
A cell specialized for rapid steroid synthesis would be expected to have especially abundant which organelle?,Rough endoplasmic reticulum only,Nucleolus only,Lysosome only,Smooth endoplasmic reticulum,4,,SER contains enzymes involved in synthesis of sterols and is prominent in steroid-producing cells.
A cell producing large amounts of secreted digestive enzymes would be expected to have abundant which organelle?,Rough endoplasmic reticulum,Residual bodies only,Peroxisomes only,Centrioles only,1,,Protein-secreting cells such as pancreatic acinar cells have well-developed RER.
A defect that prevents acidification of late endosomes would most directly interfere with which process described in the textbook?,Tubulin synthesis,Formation of histones,Ligand-receptor separation and activation of some hydrolytic processes,Mitochondrial fission,3,,"Late-endosomal H+ pumps acidify the lumen, supporting ligand-receptor uncoupling and lysosomal enzyme function."
A drug blocks kinesin. Which process would be most directly impaired based on the slides?,rRNA synthesis in the nucleolus,Movement of vesicles and organelles away from the cell center,Catalase breakdown of H2O2,Movement of cargo toward the cell center by dynein,2,,Kinesin is identified as a microtubule motor that moves cargo away from the cell center.
A mutation destabilizes keratin in epidermal cells. Which property would be most directly reduced?,ATP generation,Endosomal acidification,Steroid hormone transport in plasma,Resistance to mechanical stress and friction,4,,Keratins are stable intermediate filaments that strengthen epithelial cells and help them resist friction.
A cell has abundant tubular mitochondrial cristae. Which functional specialization is most consistent with the slides?,Steroid secretion,Formation of tight junctions only,rRNA synthesis,Phagocytosis of bacteria,1,,The slides associate tubular mitochondrial cristae with steroid-secreting adrenal and gonadal cells.
A cellular compartment has a pH near 5 and contains acid hydrolases. Which organelle is it?,Nucleolus,Centriole,Lysosome,Mitochondrion,3,,Lysosomal acid hydrolases function optimally at approximately pH 5.
Which pathway most directly explains why Chediak-Higashi syndrome can impair microbial killing?,Failure of steroid hormones to bind carriers,Delayed phagosome-lysosome fusion,Increased ATP synthase activity,Excessive Golgi sulfation,2,,The slide connects defective microtubule-dependent intracellular transport with delayed fusion of phagosomes and lysosomes in leukocytes.
Which organelle pair is most directly linked by COPII-mediated anterograde transport?,Mitochondrion and centriole,Lysosome and nucleolus,Peroxisome and chromatin,Rough ER and Golgi apparatus,4,,COPII is the forward coat used for transport from the ER toward the Golgi.
Which organelle pair is functionally linked during autophagy?,Autophagic membrane compartment and lysosome,Nucleolus and centriole,Golgi and chromosome,Mitochondrial crista and glycocalyx,1,,"During autophagy, membrane encloses an organelle or cytoplasmic material and then fuses with a lysosome for degradation."
A protein is misfolded and tagged with polyubiquitin. Which structure is most likely to degrade it?,Primary lysosome only,Golgi cisterna,Proteasome,Nuclear pore,3,,The textbook describes ubiquitin-tagged misfolded proteins as substrates for proteasomal degradation.
A cell needs to move a glucose molecule down its concentration gradient using a specific protein that binds glucose. Which mechanism fits best?,Exocytosis,Carrier-mediated facilitated diffusion,Phagocytosis,Primary active transport,2,,Facilitated diffusion through a carrier moves a solute down its gradient without direct energy expenditure.
A transporter uses the downhill movement of Na+ to drive glucose uphill in the same direction. Which term applies?,Simple diffusion,Primary active antiport,Pinocytosis,Secondary active symport,4,,The textbook gives Na+/glucose transport as a secondary active symport example.
A protein complex directly hydrolyzes ATP to pump ions against their gradient. Which category fits?,Primary active transport,Receptor-mediated endocytosis,Facilitated diffusion,Osmosis,1,,Primary active transport uses ATP directly to drive a pump against a concentration gradient.
A bacterium is enclosed by membrane extensions of a neutrophil. What has formed immediately after internalization?,Crista,Nucleosome,Phagosome,Polysome,3,,Phagocytosis encloses particulate material in a phagosome before lysosomal fusion.
A cell continuously releases newly synthesized extracellular-matrix components without storing them in granules. What form of secretion best fits?,Phagocytosis,Constitutive secretion,Regulated secretion,Primary active transport,2,,"The textbook describes constitutive secretion as continuous exocytosis, including release of components such as extracellular-matrix proteins."
A pancreatic cell stores digestive enzymes and releases them only after a signal. What type of secretion is this?,Osmosis,Constitutive diffusion,Antiport,Regulated secretion,4,,The textbook uses pancreatic digestive-enzyme release as an example of regulated secretion.
"A cell is actively transcribing genes and has a pale, extended chromatin pattern. Which chromatin form predominates?",Euchromatin,Residual bodies,Heterochromatin,Cardiolipin,1,,The slides describe euchromatin as extended and transcriptionally active.
A nuclear region appears highly condensed and transcriptionally inactive. Which term applies?,Glycocalyx,Caveola,Heterochromatin,Euchromatin,3,,The slides define heterochromatin as condensed and inactive.
Which organelles or structures are directly involved in the secretory pathway for a protein destined outside the cell? Select all that apply.,Rough ER,Golgi apparatus,Centriole,Secretory vesicle,"1,2,4",,"Secreted proteins are synthesized into the RER, processed in the Golgi, and carried in secretory vesicles for exocytosis."
Which features distinguish mitochondria from peroxisomes in the uploaded material? Select all that apply.,Mitochondria contain cristae,Peroxisomes contain a mitochondrial inner membrane with ATP synthase,Mitochondria have two membranes,Peroxisomes are strongly associated with H2O2 metabolism,"1,3,4",,Mitochondria are double-membrane ATP-producing organelles with cristae; peroxisomes are single-membrane oxidative organelles prominent in peroxide and VLCFA metabolism.
Which source-supported statements about protein degradation are correct? Select all that apply.,Lysosomes digest material in an acidic membrane-bound compartment,Proteasomes degrade selected proteins in a non-membranous complex,Ubiquitin can tag proteins for proteasomal degradation,COPII is the principal protease of the proteasome,"1,2,3",,The sources distinguish lysosomal bulk/intracellular digestion from ubiquitin-directed proteasomal protein degradation.
A newborn develops yellowish discoloration of the skin because bilirubin is not being converted efficiently into an excretable form. Which organelle is most directly implicated?,Smooth endoplasmic reticulum in hepatocytes,Golgi apparatus in neurons,Mitochondrial cristae in cardiac muscle,Rough endoplasmic reticulum in osteoblasts,1,,"The textbook states that neonatal jaundice can result from underdeveloped smooth ER in liver cells, causing inadequate bilirubin processing."
A patient presents with yellowish skin caused by accumulation of bilirubin. Which normal cellular process is emphasized in the provided material?,Very-long-chain fatty-acid oxidation in peroxisomes,Mannose-6-phosphate formation in the Golgi,Bilirubin metabolism by smooth ER enzymes in liver cells,Protein degradation by proteasomes,3,,The source connects jaundice with bilirubin accumulation and normal bilirubin metabolism by smooth ER enzymes in hepatocytes.
"A patient has blue sclera, multiple fractures, hearing loss, and opalescent teeth. Which disorder shown in the slide figure best matches this presentation?",I-cell disease,Osteogenesis imperfecta,Chediak-Higashi syndrome,MERRF,2,,"The osteogenesis imperfecta slide figure labels blue sclera, multiple fractures, hearing loss, and opalescent teeth."
A patient with multiple fractures and blue sclera has a disorder linked in the slides to defective procollagen synthesis and secretion. Which cellular system is implicated?,Clathrin-mediated endocytosis,Smooth ER bilirubin metabolism,Peroxisomal beta-oxidation,Rough ER and ER-associated degradation,4,,The slides connect osteogenesis imperfecta with defective procollagen and dysfunction involving the rough ER and ERAD.
Which findings are explicitly shown in the osteogenesis imperfecta slide figure? Select all that apply.,Severe neurologic symptoms from myelin disruption,Blue sclera,Multiple fractures,Hearing loss,"2,3,4",,"The slide figure labels blue sclera, multiple fractures, hearing loss, and opalescent teeth for osteogenesis imperfecta."
"A 39-year-old man has progressive uncoordination, years of depression and apathy, dysarthria, saccadic eye movements, hyperactive gag reflex, and increased extremity tone. Imaging shows striatal and caudate atrophy with boxcar ventricles. Which disorder is described?",Huntington disease,Tay-Sachs disease,MERRF,Chediak-Higashi syndrome,1,,These clinical and imaging findings are given in the textbook Huntington disease assessment vignette.
Which imaging finding is explicitly given in the textbook vignette of Huntington disease?,Multiple long-bone fractures,Diffuse hepatic iron deposition,Striatal and caudate atrophy with boxcar ventricles,Loss of myelin sheaths from VLCFA accumulation,3,,The textbook vignette states that MRI and CT show striatal and caudate atrophy with boxcar ventricles.
A patient with the Huntington disease presentation in the textbook has one allele with 49 CAG repeats. Which cellular issue is additionally linked to this disease in the assessment question?,Failure of bilirubin conjugation in smooth ER,Mitochondrial membrane-potential and bioenergetic failure,Defective mannose-6-phosphate tagging,Defective peroxisomal VLCFA import,2,,"The textbook assessment links Huntington disease with modulation of respiration, mitochondrial membrane potential, and bioenergetic failure."
"In the textbook Huntington disease question, which mitochondrial process is keyed as the mechanism used to establish the electrochemical gradient that may be altered?",Transport of ATP out of the matrix as the gradient-generating step,Transfer of electrons from NADH to oxygen in the intermembrane space,Pumping protons into the matrix by the respiratory chain,Proton-translocating activity in the inner mitochondrial membrane,4,,The textbook answer key identifies proton-translocating activity in the inner membrane.
"A 14-year-old boy develops blisters easily with rubbing or scratching, especially on his hands and feet, and the lesions heal without scars. Which diagnosis is given in the textbook vignette?",Epidermolysis bullosa simplex,Zellweger syndrome,Chediak-Higashi syndrome,Osteogenesis imperfecta,1,,The textbook assessment vignette describes epidermolysis bullosa simplex with friction-induced blistering of the hands and feet that heals without scarring.
A boy with friction-induced blisters of the hands and feet has KRT5 and KRT14 mutations. Which normal cellular function is most directly impaired?,ATP synthesis by mitochondria,Bilirubin metabolism by smooth ER,Mechanical stability from keratin intermediate filaments,Intracellular digestion by lysosomes,3,,The textbook vignette uses KRT5/KRT14 mutations to test the mechanical-stability role of keratin intermediate filaments.
Which features are explicitly stated in the textbook epidermolysis bullosa simplex vignette? Select all that apply.,Yellowish discoloration from bilirubin,Blisters mainly on the hands and feet,Healing without scars,Blisters with rubbing or scratching,"2,3,4",,All three skin findings are stated in the EBS assessment vignette.
An infant has accumulation of very-long-chain fatty acids that disrupts myelin and produces severe neurologic symptoms. Which disorder is described in the textbook?,I-cell disease,Neonatal adrenoleukodystrophy,MERRF,Gaucher disease,2,,The textbook states that neonatal adrenoleukodystrophy causes VLCFA accumulation that can disrupt myelin and cause severe neurologic symptoms.
A patient with severe neurologic symptoms from disrupted myelin has defective transport of very-long-chain fatty acids into which organelle?,Lysosome,Golgi apparatus,Nucleolus,Peroxisome,4,,Neonatal adrenoleukodystrophy is linked to a defective peroxisomal membrane protein needed for VLCFA transport into peroxisomes.
A patient has myoclonic epilepsy with ragged-red fibers and a mitochondrial lysine-tRNA mutation. Which diagnosis best fits?,MERRF,I-cell disease,Zellweger syndrome,Hurler syndrome,1,,MERRF stands for myoclonic epilepsy with ragged-red fibers and is linked to a mitochondrial lysine-tRNA mutation.
A disease presenting with myoclonic epilepsy and ragged-red muscle fibers is transmitted through mitochondrial DNA. Which inheritance clue is emphasized in the slides?,Paternal mitochondrial inheritance,Y-linked inheritance,Maternal inheritance,Autosomal dominant inheritance,3,,The slides state that mitochondrial DNA is inherited from the mother.
A patient has an autosomal recessive immunodeficiency in which leukocytes show delayed fusion of phagosomes with lysosomes. Which syndrome is this?,Gaucher disease,Chediak-Higashi syndrome,MERRF,Osteogenesis imperfecta,2,,The Chediak-Higashi slide describes autosomal recessive immunodeficiency with delayed phagosome-lysosome fusion in leukocytes.
An immunodeficiency is caused by defective intracellular transport and delayed phagosome-lysosome fusion. Which cytoskeletal process is abnormal?,Keratin filament assembly,Actin treadmilling only,Nuclear lamin formation,Microtubule polymerization,4,,The slide links Chediak-Higashi syndrome to defective microtubule polymerization.
A 42-year-old woman has two Pap smears showing dysplastic epithelial cells and testing detects high-risk HPV E6 and E7. E6 promotes degradation of p53. Which mechanism is emphasized in the slide?,Prevention of apoptosis,Permanent cell-cycle arrest,Activation of peroxisomal beta-oxidation,Inhibition of telomerase expression,1,,The slide question identifies prevention of apoptosis as the mechanism by which E6-mediated p53 degradation promotes cervical cancer.
"In the high-risk HPV cervical-cancer vignette, which cellular protein is directly targeted for degradation by E6?",Bcl-2,Catalase,p53,GFAP,3,,The slide states that E6 binds the p53 tumor suppressor and causes it to be degraded.
A patient has extreme iron accumulation in cellular hemosiderin with damage to the liver and other tissues. Which condition is named in the textbook?,I-cell disease,Hemochromatosis or iron overload syndrome,Hemosiderosis without tissue injury,MERRF,2,,The textbook states that extreme hemosiderin iron accumulation can lead to hemochromatosis or iron overload syndrome with tissue damage.
"Widespread hemosiderin is found in cells throughout the body, but the source specifically states that the condition itself does not damage cell or organ function. What is this called?",Gaucher disease,Hemochromatosis,Zellweger syndrome,Hemosiderosis,4,,The textbook distinguishes hemosiderosis from more extreme iron-overload states that damage tissues.
Which factors are stated as possible settings for widespread hemosiderosis? Select all that apply.,Impaired iron utilization,Increased dietary iron uptake,Defective mitochondrial lysine-tRNA,Excessive lysis of red blood cells,"1,2,4",,"The textbook lists increased dietary iron, impaired iron utilization, and excessive red-cell lysis as settings associated with hemosiderosis."
"A brain tumor is evaluated by immunocytochemistry, and GFAP expression is used to establish its astrocytic origin. Which tumor is specifically cited?",Astrocytoma,Hepatocellular carcinoma,Cervical carcinoma,Osteosarcoma,1,,The textbook cites GFAP immunocytochemistry as useful for identifying astrocytomas.
"A patient's gland produces parathyroid hormone normally, but target cells fail to respond because the receptor is nonfunctional. Which condition is used as the textbook example?",I-cell disease,Chediak-Higashi syndrome,Pseudohypoparathyroidism,MERRF,3,,The textbook gives pseudohypoparathyroidism as an example of disease caused by a nonfunctioning parathyroid-hormone receptor.
"Growth hormone is produced, but target cells cannot respond because its receptor is nonfunctional. Which type of clinical condition is cited in the textbook?",Gaucher disease,One type of dwarfism,Hemosiderosis,Jaundice,2,,The textbook cites one type of dwarfism as an example of growth-hormone receptor failure.
A lysosomal-targeting disorder affects the skeleton and nervous system and results from defective formation of mannose-6-phosphate. Which diagnosis matches the source?,Neonatal adrenoleukodystrophy,Gaucher disease,MERRF,I-cell disease,4,,"The source table lists skeleton and nervous-system involvement in I-cell disease, while the slides identify defective M6P formation."
A lysosomal storage disorder involves alpha-L-iduronidase deficiency and the source table lists the skeleton and nervous system as major affected systems. Which disease is this?,Hurler syndrome,Gaucher disease,Tay-Sachs disease,McArdle syndrome,1,,The source table pairs Hurler syndrome with alpha-L-iduronidase deficiency and skeleton/nervous-system involvement.
A lysosomal storage disorder involves glucocerebrosidase deficiency and the source table lists the liver and spleen as the main affected organs. Which diagnosis is this?,Tay-Sachs disease,Hurler syndrome,Gaucher disease,MERRF,3,,The source table pairs Gaucher disease with glucocerebrosidase deficiency and liver/spleen involvement.
A lysosomal storage disorder in the source table primarily affects the nervous system and is associated with GM2-gangliosidase deficiency. Which diagnosis is this?,Gaucher disease,Tay-Sachs disease,Chediak-Higashi syndrome,Hurler syndrome,2,,The source table identifies Tay-Sachs disease with GM2-gangliosidase deficiency and nervous-system involvement.
Which disease-presentation or organ-involvement pairings are explicitly supported by the provided materials? Select all that apply.,Jaundice — yellowish skin discoloration,I-cell disease — yellowish skin discoloration,Neonatal adrenoleukodystrophy — severe neurologic symptoms from myelin disruption,Epidermolysis bullosa simplex — friction-induced blistering of hands and feet,"1,3,4",,"Each correct pairing is explicitly stated in the slides or textbook; yellow skin discoloration is linked to jaundice, not I-cell disease."
